{
    // token: path to shared Habitat NuGet repository
    "habitat-nuget-repository" : "..\\..\\packages",

    "project-role" : "habitat", 

    // mapping between project files and website files and items
    "project-website-mappings": {
        // mapping items and files to website when building a project
        "project-to-website": {
            "master": {
                "project-directory-to-item-path": "/serialization => /sitecore"
            },

            "bin": {
                "project-directory-to-website-directory": "/code/bin => /bin",
                "file-name-include": "*.dll"
            },

            "wwwroot": {
                "project-directory-to-website-directory": "/code => /",
                "upload-media": false
            }
        }
    },

    "copy-package": {
        "*.nupkg" :  "$habitat-nuget-repository$" 
    },

    "nuget-repositories": {
        "habitat" : "$habitat-nuget-repository$"
    },

    "dependencies": {
        "Sitecore.Master" : "1.0.0"
    }
}
