{
    // mapping between project files and website files and items
    "project-website-mappings": {

        // mapping items and files to website when building a project
        "project-to-website": {
            "master": {
                "project-directory-to-item-path": "/serialization => /sitecore"
            },

            "bin": {
                "project-directory-to-website-directory": "/code/bin => /bin",
                "file-name-include": "*.dll"
            },

            "wwwroot": {
                "project-directory-to-website-directory": "/code => /",
                "upload-media": false
            }
        },

        // mapping items and files to project when importing a website
        "website-to-project": {
        }
    },

    // path to shared Habitat NuGet repository
    "habitat-nuget-repository" : "..\\..\\packages", 

    "copy-package": {
        "*.nupkg" :  "$habitat-nuget-repository$" 
    },

    "nuget-repositories": {
        "habitat" : "$habitat-nuget-repository$"
    },

    "checkers": {
        "AvoidSpacesInItemNames": "disabled",
        "DeleteUnusedTemplates": "disabled",
        "AvoidEmptyTemplateSection": "disabled"
    },

    "dependencies": {
        "Sitecore.Master" : "1.0.0"
    }
}
