﻿{
    "$schema": "sitecore.project/schemas/item.schema.json",
    "Item": {
        "Template": "/sitecore/templates/Sample/HelloWorld",
        "Template.CreateFromFields": true,
        "Template.Icon": "Applications/16x16/about.png",
        "Fields": {
            "Title": {
                "Value": "Pathfinder"
            },
            "Text": {
                "Value": "Welcome to Sitecore Pathfinder"
            },
            "Image": {
                "Value": "/sitecore/media library/lighthouse",
                "Field.Type": "Image"
            },
            "Layout": {
                "Devices": [
                    {
                        "Name": "Default",
                        "Layout": "/sitecore/layout/Layouts/Pathfinder/MvcLayout",
                        "Renderings": [
                            {
                                "HelloWorld": { }
                            }
                        ]
                    }
                ]
            }
        }
    }
}