﻿<Item xmlns="http://www.sitecore.net/pathfinder/item" 
    Template="/sitecore/templates/CleanBlog/About" 
    Template.CreateFromFields="True" 
    Template.Icon="Applications/16x16/about.png" 
    Layout.File="~/wwwroot/about.html">

    <Fields>
        <Field Name="PageTitle" Field.Type="Single-Line Text">
            Clean Blog - About Me
        </Field>

        <Field Name="Header" Field.Type="Single-Line Text">
            About Me
        </Field>
        <Field Name="Subheader" Field.Type="Single-Line Text">
            This is what I do.
        </Field>

        <Field Name="Text" Field.Type="Rich Text">
            <p>Lorem ipsum dolor sit amet, consectetur adipisicing elit. Saepe nostrum ullam eveniet pariatur voluptates odit, fuga atque ea nobis sit soluta odio, adipisci quas excepturi maxime quae totam ducimus consectetur?</p>
            <p>Lorem ipsum dolor sit amet, consectetur adipisicing elit. Eius praesentium recusandae illo eaque architecto error, repellendus iusto reprehenderit, doloribus, minus sunt. Numquam at quae voluptatum in officia voluptas voluptatibus, minus!</p>
            <p>Lorem ipsum dolor sit amet, consectetur adipisicing elit. Nostrum molestiae debitis nobis, quod sapiente qui voluptatum, placeat magni repudiandae accusantium fugit quas labore non rerum possimus, corrupti enim modi! Et.</p>
        </Field>
    </Fields>
</Item>