﻿<Item xmlns="http://www.sitecore.net/pathfinder/item" 
    Template="/sitecore/templates/CleanBlog/Contact" 
    Template.CreateFromFields="True" 
    Template.Icon="Applications/16x16/about.png" 
    Layout.File="~/wwwroot/contact.html">

    <Fields>
        <Field Name="PageTitle" Field.Type="Single-Line Text">
            Clean Blog - Contact
        </Field>

        <Field Name="Header" Field.Type="Single-Line Text">
            Contact Me
        </Field>

        <Field Name="Subheader" Field.Type="Single-Line Text">
            Have questions? I have answers (maybe).
        </Field>

        <Field Name="Text" Field.Type="Rich Text">
            <p>Want to get in touch with me? Fill out the form below to send me a message and I will try to get back to you within 24 hours!</p>
        </Field>
    </Fields>
</Item>