{
    // "$schema": "sitecore.project/schemas/config.json",
    "wwwroot": "",
    "hostname": "",

    // solution directory relative to tools path
    "solutiondirectory": "..",

    // project directory relative to solution directory
    "projectdirectory": "",

    // default database name (master, core or web)
    "database": "master",

    // project configuration file
    "project": "scconfig.json",

    // default pipeline
    "pipeline": "init",

    // init pipeline
    "init": {
        "pipeline": "init"
    },

    // NuGet settings
    "nuget": {
        "filename": "sitecore.project\\sitecore.nuspec"
    },

    "dependencies-directory": "sitecore.project\\dependencies",

    // deploying URLs
    "deploying": {
        "packagedirectory": "packages",
        "installurl": "/sitecore/shell/client/Applications/Pathfinder/InstallPackage.aspx",
        "publishurl": "/sitecore/shell/client/Applications/Pathfinder/Publish.aspx",

        // checks that the version of the source bin file is larger than the destination before copying.
        // when developing this should probably be combined with auto-incrementing the file version of the assembly.
        // see http://stackoverflow.com/questions/356543/can-i-automatically-increment-the-file-build-version-when-using-visual-studio
        "check-bin-file-version": false,
        "uninstall-directory": "..\\.uninstall"
    },

    "validate-website": {
        "url": "/sitecore/shell/client/Applications/Pathfinder/SitecoreRocksValidation.ashx",
        "inactive-validations": "",
        "languages": "en",
        "process-site-validations": "True",
        "root-item-path": "",
        "site": "Site",
        "timeout": "600"
    },

    "update-resources-url": "/sitecore/shell/client/Applications/Pathfinder/UpdateResources.ashx",

    "web-test-runner-url": "/sitecore/shell/client/Applications/Pathfinder/WebTestRunner.ashx",
    "web-test-runner-name": "NUnit",

    // files and directories to ignore
    "ignore-directories": ".settings sitecore.filetemplates sitecore.project/schemas sitecore.tools node_modules",
    "ignore-filenames": "scc.cmd sitecore.nuspec sitecore.nupkg project.json readme.txt",

    // files to copy to website
    "content-files": ".js .css .config .htm .ashx .asmx",

    "external-references": {
        "{1930BBEB-7805-471A-A3BE-4858AC7CF696}": "/sitecore/templates/System/Templates/Standard template",
        "{3A45A723-64EE-4919-9D41-02FD40FD1466}": "/sitecore/templates/System/Layout/Layout"
    },

    "standard-template-fields": {
        "{56C15C6D-FD5A-40CA-BB37-64CEEC6A9BD5}": "__Archive date",
        "{1D99005E-65CA-45CA-9D9A-FD7016E23F1E}": "__Archive Version date",
        "{93D1B217-B8F4-462E-BABF-68298C9CE667}": "__Boost",
        "{8C181989-2794-4B28-8EE4-6BB5CB928DC2}": "__Boosting Rules",
        "{9DAFCA1D-D618-4616-86B8-A8ACD6B28A63}": "__Bucket Parent Reference",
        "{C9283D9E-7C29-4419-9C28-5A5C8FF53E84}": "__Bucketable",
        "{D3AE7222-425D-4B77-95D8-EE33AC2B6730}": "__Context Menu",
        "{4C9312A5-2E4E-42F8-AB6F-B8DB8B82BF22}": "__Controller",
        "{9FB734CC-8952-4072-A2D4-40F890E16F56}": "__Controller Action",
        "{25BED78C-4957-4165-998A-CA1B52F67497}": "__Created",
        "{5DD74568-4D4B-44C1-B513-0AF5F4CDA34F}": "__Created by",
        "{AC51462C-8A8D-493B-9492-34D1F26F20F1}": "__Default Bucket Query",
        "{3607F9C7-DDA3-43C3-9720-39A7A5B3A4C3}": "__Default View",
        "{CA9B9F52-4FB0-4F87-A79F-24DEA62CDA65}": "__Default workflow",
        "{B5E02AD9-D56F-4C41-A065-A133DB87BDEB}": "__Display name",
        "{D85DB4EC-FF89-4F9C-9E7C-A9E0654797FC}": "__Editor",
        "{A0CB3965-8884-4C7A-8815-B6B2E5CED162}": "__Editors",
        "{F2DB8BA1-E477-41F5-8EF5-22EEFA8D2F6E}": "__Enabled Views",
        "{21F74F6E-42D4-42A2-A4B4-4CEFBCFBD2BB}": "__Facets",
        "{04BF00DB-F5FB-41F7-8AB7-22408372A981}": "__Final Renderings",
        "{56776EDF-261C-4ABC-9FE7-70C618795239}": "__Help link",
        "{39C4902E-9960-4469-AEEF-E878E9C8218F}": "__Hidden",
        "{B8F42732-9CB8-478D-AE95-07E25345FB0F}": "__Hide version",
        "{06D5295C-ED2F-4A54-9BF2-26228D113318}": "__Icon",
        "{83798D75-DF25-4C28-9327-E8BAC2B75292}": "__Insert Rules",
        "{D312103C-B36C-4CA5-864A-C85F9ABDA503}": "__Is Bucket",
        "{001DD393-96C5-490B-924A-B0F25CD9EFD8}": "__Lock",
        "{577F1689-7DE4-4AD2-A15F-7FDC1759285F}": "__Long description",
        "{1172F251-DAD4-4EFB-A329-0C63500E4F1E}": "__Masters",
        "{9135200A-5626-4DD8-AB9D-D665B8C11748}": "__Never publish",
        "{F6D8A61C-2F84-4401-BD24-52D2068172BC}": "__Originator",
        "{52807595-0F8F-4B20-8D2A-CB71D28C6103}": "__Owner",
        "{8546D6E6-0749-4591-90F3-CEC033D6E8D8}": "__Page Level Test Set Definition",
        "{C7815F60-96E1-40CB-BB06-B5F833F73B61}": "__Persistent Bucket Filter",
        "{A4879E42-0270-458D-9C19-A20AF3C2B765}": "__Presets",
        "{41C6CC0E-389F-4D51-9990-FE35417B6666}": "__Preview",
        "{86FE4F77-4D9A-4EC3-9ED9-263D03BD1965}": "__Publish",
        "{74484BDF-7C86-463C-B49F-7B73B9AFC965}": "__Publishing groups",
        "{C2F5B2B5-71C1-431E-BF7F-DBDC1E5A2F83}": "__Quick Action Bar Validation Rules",
        "{C0E276BB-8807-40AA-8138-E5C38B0C5DAB}": "__Quick Actions",
        "{9C6106EA-7A5A-48E2-8CAD-F0F693B1E2D4}": "__Read Only",
        "{ABE5D54C-59D7-41E6-8D3F-C1A3E4EC9B9E}": "__Reminder date",
        "{2ED9C4D0-9EFF-490D-A40A-B5D856499C40}": "__Reminder recipients",
        "{BB6C8540-118E-4C49-9157-830576D7345A}": "__Reminder text",
        "{B03569B1-1534-43F2-8C83-BD064B7D782C}": "__Renderers",
        "{F1A1FE9E-A60C-4DDB-A3A0-BB5B29FE732E}": "__Renderings",
        "{8CDC337E-A112-42FB-BBB4-4143751E123F}": "__Revision",
        "{0C894AAB-962B-4A84-B923-CB24B05E60D2}": "__Ribbon",
        "{DEC8D2D5-E3CF-48B6-A653-8E69E2716641}": "__Security",
        "{A14F1B0C-4384-49EC-8790-28A440F3670C}": "__Semantics",
        "{9541E67D-CE8C-4225-803D-33F7F29F09EF}": "__Short description",
        "{F7B94D8C-A842-49F8-AB7A-2169D00426B0}": "__Should Not Organize In Bucket",
        "{079AFCFE-8ACA-4863-BDA7-07893541E2F5}": "__Skin",
        "{BA3F86A2-4A1C-4D78-B63D-91C2779C1B5E}": "__Sortorder",
        "{1B86697D-60CA-4D80-83FB-7555A2E6CE1C}": "__Source",
        "{F7D48A55-2158-4F02-9356-756654404F73}": "__Standard values",
        "{A791F095-2521-4B4D-BEF9-21DDA221F608}": "__Style",
        "{6FD695E7-7F6D-4CA5-8B49-A829E5950AE9}": "__Subitems Sorting",
        "{F47C0D78-61F9-479C-96DF-1159727D32C6}": "__Suppressed Validation Rules",
        "{C7C26117-DBB1-42B2-AB5E-F7223845CCA3}": "__Thumbnail",
        "{B0A67B2A-8B07-4E0B-8809-69F751709806}": "__Tracking",
        "{7EAD6FD6-6CF1-4ACA-AC6B-B200E7BAFE88}": "__Unpublish",
        "{D9CF14B1-FA16-4BA6-9288-E8A174D4D522}": "__Updated",
        "{BADD9CF9-53E0-4D0C-BCC0-2D784C282F6A}": "__Updated by",
        "{C8F93AFE-BFD4-4E8F-9C61-152559854661}": "__Valid from",
        "{4C346442-E859-4EFD-89B2-44AEDF467D21}": "__Valid to",
        "{57CBCA4C-8C94-446C-B8CA-7D8DC54F4285}": "__Validate Button Validation Rules",
        "{B7E5B151-B145-4CED-85C5-FBDB566DFA4D}": "__Validator Bar Validation Rules",
        "{A4F985D9-98B3-4B52-AAAF-4344F6E747C6}": "__Workflow",
        "{3E431DE1-525E-47A3-B6B0-1CCBEC3A8C98}": "__Workflow state",
        "{86B52EEF-078E-4D9E-80BF-888287070E6C}": "__Workflow Validation Rules"
    },

    "local-test-directory": "Tests",
    "website-directory-name": "Website",
    "data-directory-name": "Data",

    "error-messages-language": "en-US",
    "ignore-blank-error-messages": false
}