﻿<Item xmlns="http://www.sitecore.net/pathfinder/item"
    Template="/sitecore/templates/CleanBlog/CleanBlog"
    Template.CreateFromFields="True"
    Template.Icon="Applications/16x16/about.png"
    Layout.File="~/wwwroot/index.html">

    <Fields>
        <Field Name="PageTitle" Field.Type="Single-Line Text">
            Clean Blog
        </Field>

        <Field Name="Header">
            Clean Blog
        </Field>

        <Field Name="Subheader">
            A Clean Blog Theme by Start Bootstrap
        </Field>

        <Field Name="ToggleNavigation">
            Toggle Navigation
        </Field>

        <Field Name="StartBootstrap">
            Start Bootstrap
        </Field>

        <Field Name="Copyright">
            Copyright (C); Your Website 2014
        </Field>

        <Field Name="OlderPosts">
            Older Posts
        </Field>
    </Fields>
</Item>
