{
    "project-website-mappings": {
        "website-to-project": {
            "helloworld-content": {
                "item-path-to-project-directory": "/sitecore/content/Home/HelloWorld => /content/master/sitecore/content/Home/HelloWorld"
            }, 
            "helloworld-media": {
                "item-path-to-project-directory": "/sitecore/media library/Lighthouse => /content/master/sitecore/media library/Lighthouse"
            }, 
            "helloworld-renderings": {
                "item-path-to-project-directory": "/sitecore/layout/renderings/HelloWorld => /content/master/sitecore/layout/renderings/HelloWorld"
            }, 
            "helloworld-templates": {
                "item-path-to-project-directory": "/sitecore/templates/Sample/HelloWorld => /content/master/templates/Sample/HelloWorld"
            },
            "helloworld-rendering-files": {
                "website-directory-to-project-directory": "/layout/renderings => /content/master/sitecore/layout/renderings"
            }
        }
    },
    
    "import-website": {
        "helloworld-0": {
            "database": "master",
            "map-item-path-to-file-path": "/ => /content/master",
            "query": "/sitecore/content/Home/HelloWorld | /sitecore/media library/Lighthouse | /sitecore/layout/renderings/HelloWorld | /sitecore/templates/Sample/HelloWorld",
            "use-directories": true,
            "format": "item.xml"
        },
        "helloworld-1": {
            "map-website-directory-to-project-directory": "/layout/renderings => /content/master/sitecore/layout/renderings"
        }
    }
}
