{
    "project-website-mappings": {
        "website-to-project": {
            "helloworld-content": {
                "item-path-to-project-directory": "/sitecore/content/Home/HelloWorld => /content/master/sitecore/content/Home/HelloWorld"
            }, 
            "helloworld-media": {
                "item-path-to-project-directory": "/sitecore/media library/Lighthouse => /content/master/sitecore/media library/Lighthouse"
            }, 
            "helloworld-renderings": {
                "item-path-to-project-directory": "/sitecore/layout/renderings/HelloWorld => /content/master/sitecore/layout/renderings/HelloWorld"
            }, 
            "helloworld-templates": {
                "item-path-to-project-directory": "/sitecore/templates/Sample/HelloWorld => /content/master/sitecore/templates/Sample/HelloWorld"
            },
            "helloworld-rendering-files": {
                "website-directory-to-project-directory": "/layout/renderings => /content/master/sitecore/layout/renderings"
            }
        }
    }
}
