{
    "import-website": {
        "helloworld-0": {
            "database": "master",
            "map-item-path-to-file-path": "/ => /content/master",
            "query": "/sitecore/content/Home/HelloWorld | /sitecore/media library/Lighthouse | /sitecore/layout/renderings/HelloWorld | /sitecore/templates/Sample/HelloWorld",
            "use-directories": true,
            "format": "item.xml"
        },
        "helloworld-1": {
            "map-website-directory-to-project-directory": "/layout/renderings => /content/master/sitecore/layout/renderings"
        }
    },
    
    "reset-website": {
        "master": {
            "helloworld-0": {
                "query" : "/sitecore/content/Home/HelloWorld"
            },
            "helloworld-1": {
                "query" : "/sitecore/media library/lighthouse"
            },
            "helloworld-2": {
                "query" : "/sitecore/templates/Sample/HelloWorld"
            }
        }
    }
}
