{
    // every project must have a unique id, since the project-unique-id is used to
    // calculate item ids.
    "project-unique-id": "{project-unique-id}",

    "website-directory": "c:\\inetpub\\wwwroot\\Sitecore.Default\\Website",
    "data-folder-directory": "c:\\inetpub\\wwwroot\\Sitecore.Default\\Data",
    "host-name": "http://sitecore.default",

    // user name and password
    "user-name": "sitecore\\admin",
    "password": "b",

    // Sitecore database name (master, core, or web)
    "database": "master",

    // =====
    // TASKS
    // =====

    "build-project": {
        // build tasks
        "tasks": "check-project write-exports pack-nuget copy-dependencies copy-package install-package publish-database show-metrics",

        // mapping of files between local path and server path and item path
        "files": {
            "master": {
                "project-directory": "/content/master/sitecore",
                "include": "**",
                "website-directory": "/",
                "item-path": "/sitecore",
                "database": "master"
            },
            "core": {
                "project-directory": "/content/core/sitecore",
                "include": "**",
                "website-directory": "/",
                "item-path": "/sitecore",
                "database": "core"
            },
            "views": {
                "project-directory": "/views",
                "include": "**",
                "website-directory": "/Views",
                "item-path": "/sitecore/layout/renderings"
            },
            "wwwroot": {
                "project-directory": "/wwwroot",
                "include": "**",
                "website-directory": "/",
                "item-path": "/",
                "upload-media": false
            }
        }
    },

    "reset-website": {
        "master": {
            "0": {
                "query" : "/sitecore/content/Home/HelloWorld"
            },
            "1": {
                "query" : "/sitecore/media library/lighthouse"
            },
            "2": {
                "query" : "/sitecore/templates/Sample/HelloWorld"
            }
        }
    }
}
