{
    "project-website-mappings": {
        "website-to-project": {
            "helloworld-content": {
                "item-path-to-project-directory": "/sitecore/content/Home/HelloWorld => /items/master/sitecore/content/Home/HelloWorld"
            }, 
            "helloworld-media": {
                "item-path-to-project-directory": "/sitecore/media library/Lighthouse => /items/master/sitecore/media library/Lighthouse"
            }, 
            "helloworld-renderings": {
                "item-path-to-project-directory": "/sitecore/layout/renderings/HelloWorld => /items/master/sitecore/layout/renderings/HelloWorld"
            }, 
            "helloworld-templates": {
                "item-path-to-project-directory": "/sitecore/templates/Sample/HelloWorld => /items/master/sitecore/templates/Sample/HelloWorld"
            },
            "helloworld-rendering-files": {
                "website-directory-to-project-directory": "/views => /views"
            }
        }
    },
    
    "dependencies": {
        "Sitecore.Master": "1.0.0"
    },  

    "show-website": {
        "start-url": "/home/HelloWorld"
    }
}
