{
    "build-project": {
        // mapping of files between local path and server path and item path
        "files": {
            "cleanblog-html": {
                "project-directory": "/wwwroot",
                "include": "*.html",
                "website-directory": "/CleanBlog/layout/renderings",
                "item-path": "/sitecore/layout/renderings/CleanBlog",
                "database": "master"
            },
            "cleanblog-img": {
                "project-directory": "/wwwroot/img",
                "include": "**",
                "website-directory": "/",
                "item-path": "/sitecore/media library/CleanBlog"
            }
        }
    },
    
    "reset-website": {
        "master": {
            "cleanblog-0": { "query" : "/sitecore/content/Home/CleanBlog" },
            "cleanblog-1": { "query" : "/sitecore/media library/CleanBlog" },
            "cleanblog-2": { "query" : "/sitecore/layout/Renderings/CleanBlog" },
            "cleanblog-3": { "query" : "/sitecore/templates/CleanBlog" }
        },
        "website": {
            "cleanblog-0": { "path" : "/CleanBlog" },
            "cleanblog-1": { "path" : "/css" },
            "cleanblog-2": { "path" : "/fonts" },
            "cleanblog-3": { "path" : "/img" },
            "cleanblog-4": { "path" : "/js" },
            "cleanblog-5": { "path" : "/less" },
            "cleanblog-6": { "path" : "/mail" },
            "cleanblog-7": { "path" : "/about.html" },
            "cleanblog-8": { "path" : "/contact.html" },
            "cleanblog-9": { "path" : "/index.html" },
            "cleanblog-10": { "path" : "/License" },
            "cleanblog-11": { "path" : "/post.html" },
            "cleanblog-12": { "path" : "/README.md" }
        }
    }
}