{
    "project-website-mappings": {
        "project-to-website": {
            "cleanblog-img": {
                "project-directory-to-item-path": "/wwwroot/img => /sitecore/media library/CleanBlog"
            },
            "cleanblog-html": {
                "project-directory-to-item-path": "/wwwroot => /sitecore/layout/renderings/CleanBlog",
                "project-directory-to-website-directory": "/wwwroot => /CleanBlog/layout/renderings",
                "file-name-include": "*.html"
            }
        },

        "website-to-project": {
            "clean-blog-content": {
               "item-path-to-project-directory": "/sitecore/content/Home/CleanBlog => /content/master/sitecore/content/Home/CleanBlog"
           },
           "clean-blog-media": {
               "item-path-to-project-directory": "/sitecore/media library/CleanBlog => /wwwroot/img" 
           },
           "clean-blog-renderings": {
               "item-path-to-project-directory": "/sitecore/layout/Renderings/CleanBlog => /wwwroot" 
           },
           "clean-blog-templates": {
               "item-path-to-project-directory": "/sitecore/templates/CleanBlog => /content/master/sitecore/templates/CleanBlog" 
           },
           "clean-blog-css": {
               "website-directory-to-project-directory": "/css => /wwwroot/css" 
           },
           "clean-blog-js": {
               "website-directory-to-project-directory": "/js => /wwwroot/js" 
           },
           "clean-blog-renderings-files": {
               "website-directory-to-project-directory": "/CleanBlog/layout/renderings => /wwwroot" 
           }
        }
    },

    "import-website": {
        "cleanblog-0": {
            "database": "master",
            "map-item-path-to-file-path": "/ => /content/master",
            "query": "/sitecore/content/Home/CleanBlog | /sitecore/content/Home/CleanBlog//*",
            "use-directories": true,
            "format": "item.xml"
        },
        "cleanblog-1": {
            "database": "master",
            "map-item-path-to-file-path": "/sitecore/media library/CleanBlog => /wwwroot/img",
            "query": "/sitecore/media library/CleanBlog//*",
            "use-directories": true,
            "format": "item.xml"
        },
        "cleanblog-2": {
            "database": "master",
            "map-item-path-to-file-path": "/ => /content/master",
            "query": "/sitecore/templates/CleanBlog//*[@@templatekey='template']",
            "use-directories": true,
            "format": "item.xml"
        },
        "cleanblog-3": {
            "map-website-directory-to-project-directory": "/css => /wwwroot/css"
        },
        "cleanblog-4": {
            "map-website-directory-to-project-directory": "/js => /wwwroot/js"
        },
        "cleanblog-5": {
            "map-website-directory-to-project-directory": "/CleanBlog/layout/renderings => /wwwroot"
        }
    }
}