{
    // every project must have a unique id, since the project-unique-id is used to
    // calculate item ids.
    "project-unique-id": "{project-unique-id}",

    "website-directory": "c:\\inetpub\\wwwroot\\Sitecore.Default\\Website",
    "data-folder-directory": "c:\\inetpub\\wwwroot\\Sitecore.Default\\Data",
    "host-name": "http://sitecore.default",

    // user name and password
    "user-name": "sitecore\\admin",
    "password": "b",

    // Sitecore database name (master, core, or web)
    "database": "master",

    "build-project": {
        // build tasks
        "tasks": "check-project write-exports pack-nuget copy-dependencies copy-package install-package publish-database show-metrics",

        // mapping of files between local path and server path and item path
        "files": {
            "master": {
                "project-directory": "/content/master/sitecore",
                "include": "**",
                "item-path": "/sitecore",
                "database": "master"
            },
            "core": {
                "project-directory": "/content/core/sitecore",
                "include": "**",
                "item-path": "/sitecore",
                "database": "core"
            },
            "views": {
                "project-directory": "/Views",
                "include": "**",
                "website-directory": "/Views",
                "item-path": "/sitecore/layout/renderings"
            },
            "html": {
                "project-directory": "/wwwroot",
                "include": "*.html",
                "website-directory": "/CleanBlog/layout/renderings",
                "item-path": "/sitecore/layout/renderings/CleanBlog",
                "database": "master"
            },
            "img": {
                "project-directory": "/wwwroot/img",
                "include": "**",
                "website-directory": "/",
                "item-path": "/sitecore/media library/CleanBlog"
            },
            "wwwroot": {
                "project-directory": "/wwwroot",
                "include": "**",
                "website-directory": "/"
            }
        }
    },
    
    "reset-website": {
        "master": {
            "1": { "query" : "/sitecore/content/Home/CleanBlog" },
            "2": { "query" : "/sitecore/media library/CleanBlog" },
            "3": { "query" : "/sitecore/templates/Sample/CleanBlog" }
        },
        "website": {
            "1": { "path" : "/css" },
            "2": { "path" : "/fonts" },
            "3": { "path" : "/img" },
            "4": { "path" : "/js" },
            "5": { "path" : "/less" },
            "6": { "path" : "/mail" },
            "7": { "path" : "/about.html" },
            "8": { "path" : "/contact.html" },
            "9": { "path" : "/index.html" },
            "10": { "path" : "/License" },
            "11": { "path" : "/post.html" },
            "12": { "path" : "/README.md" },
            "13": { "path" : "/CleanBlog" }
        }
    }
}