{
    "project-website-mappings": {
        "project-to-website": {
            "cleanblog-img": {
                "project-directory-to-item-path": "/wwwroot/img => /sitecore/media library/CleanBlog"
            },
            "cleanblog-html": {
                "project-directory-to-item-path": "/wwwroot => /sitecore/layout/renderings/CleanBlog",
                "project-directory-to-website-directory": "/wwwroot => /CleanBlog/layout/renderings",
                "file-name-include": "*.html"
            }
        },

        "website-to-project": {
        }
    },

    "import-website": {
        "cleanblog-0": {
            "database": "master",
            "map-item-path-to-file-path": "/ => /content/master",
            "query": "/sitecore/content/Home/CleanBlog | /sitecore/content/Home/CleanBlog//*",
            "use-directories": true,
            "format": "item.xml"
        },
        "cleanblog-1": {
            "database": "master",
            "map-item-path-to-file-path": "/sitecore/media library/CleanBlog => /wwwroot/img",
            "query": "/sitecore/media library/CleanBlog//*",
            "use-directories": true,
            "format": "item.xml"
        },
        "cleanblog-2": {
            "database": "master",
            "map-item-path-to-file-path": "/ => /content/master",
            "query": "/sitecore/templates/CleanBlog//*[@@templatekey='template']",
            "use-directories": true,
            "format": "item.xml"
        },
        "cleanblog-3": {
            "map-website-directory-to-project-directory": "/css => /wwwroot/css"
        },
        "cleanblog-4": {
            "map-website-directory-to-project-directory": "/js => /wwwroot/js"
        },
        "cleanblog-5": {
            "map-website-directory-to-project-directory": "/CleanBlog/layout/renderings => /wwwroot"
        }
    },
    
    "reset-website": {
        "master": {
            "cleanblog-0": { "query" : "/sitecore/content/Home/CleanBlog" },
            "cleanblog-1": { "query" : "/sitecore/media library/CleanBlog" },
            "cleanblog-2": { "query" : "/sitecore/layout/Renderings/CleanBlog" },
            "cleanblog-3": { "query" : "/sitecore/templates/CleanBlog" }
        },
        "website": {
            "cleanblog-0": { "path" : "/CleanBlog" },
            "cleanblog-1": { "path" : "/css" },
            "cleanblog-2": { "path" : "/fonts" },
            "cleanblog-3": { "path" : "/img" },
            "cleanblog-4": { "path" : "/js" },
            "cleanblog-5": { "path" : "/less" },
            "cleanblog-6": { "path" : "/mail" },
            "cleanblog-7": { "path" : "/about.html" },
            "cleanblog-8": { "path" : "/contact.html" },
            "cleanblog-9": { "path" : "/index.html" },
            "cleanblog-10": { "path" : "/License" },
            "cleanblog-11": { "path" : "/post.html" },
            "cleanblog-12": { "path" : "/README.md" }
        }
    }
}