{
    "build-project": {
        "files": {
            "todomvc": {
                "project-directory": "/content/core/sitecore/client/Applications/TodoMvc",
                "include": "**",
                "item-path": "/sitecore/client/Applications/TodoMvc",
                "website-directory": "/sitecore/shell/client/Applications/TodoMvc",
                "database": "core"
            }
        }
    },
    
   "reset-website": {
        "core": {
            "todomvc-0": { "query" : "/sitecore/client/Applications/TodoMvc" }
        },
        "website": {
            "todomvc-1": { "path" : "/sitecore/shell/client/Applications/TodoMvc" }
        }
    }
}
