{
    "project-website-mappings": {
        "project-to-website": {
            "todomvc-0": {
                "project-directory-to-item-path": "/content/core/sitecore/client/Applications/TodoMvc => /sitecore/client/Applications/TodoMvc",
                "project-directory-to-website-directory": "/content/core/sitecore/client/Applications/TodoMvc => /sitecore/shell/client/Applications/TodoMvc",
                "database" : "core"
            }
        },

        "website-to-project": {
        }
    },

    "import-website": {
        "todomvc-0": {
            "database": "core",
            "map-item-path-to-file-path": "/ => /content/core",
            "query": "/sitecore/client/Applications/TodoMvc | /sitecore/client/Applications/TodoMvc//*",
            "use-directories": true,
            "format": "item.xml"
        },
        "todomvc-1": {
            "map-website-directory-to-project-directory": "/sitecore/shell/client/Applications/TodoMvc => /content/core/sitecore/client/Applications/TodoMvc"
        }
    },
    
   "reset-website": {
        "core": {
            "todomvc-0": { "query" : "/sitecore/client/Applications/TodoMvc" }
        },
        "website": {
            "todomvc-1": { "path" : "/sitecore/shell/client/Applications/TodoMvc" }
        }
    }
}
