{
    // every project must have a unique id, since the project-unique-id is used to
    // calculate item ids.
    "project-unique-id": "{project-unique-id}",

    "website-directory": "c:\\inetpub\\wwwroot\\Sitecore.Default\\Website",
    "data-folder-directory": "c:\\inetpub\\wwwroot\\Sitecore.Default\\Data",
    "host-name": "http://sitecore.default",

    // user name and password
    "user-name": "sitecore\\admin",
    "password": "b",

    // Sitecore database name (master, core, or web)
    "database": "core",

    // TASKS

    "build-project": {
        // build tasks
        "tasks": "check-project pack-nuget copy-dependencies copy-package install-package publish-database show-metrics",

        // mapping of files between local path and server path and item path
        "files": {
            "client": {
                "project-directory": "/content/core/sitecore/client/Applications/TodoMvc",
                "include": "**",
                "item-path": "/sitecore/client/Applications/TodoMvc",
                "website-directory": "/sitecore/shell/client/Applications/TodoMvc",
                "database": "core"
            },

            "master": {
                "project-directory": "/content/master/sitecore",
                "include": "**",
                "website-directory": "",
                "item-path": "/sitecore",
                "database": "master"
            },
            "core": {
                "project-directory": "/content/core/sitecore",
                "include": "**",
                "website-directory": "",
                "item-path": "/sitecore",
                "database": "core"
            },
            "views": {
                "project-directory": "/views",
                "include": "**",
                "website-directory": "Views",
                "item-path": "/sitecore/layout/renderings"
            },
            "wwwroot": {
                "project-directory": "/wwwroot",
                "include": "**",
                "website-directory": "",
                "item-path": "",
                "upload-media": false
            }
        }
    },
    
   "sync-website": {
        "files": {
            "Json schema for layouts in Master database": {
                "file": "sitecore.project/schemas/master.layout.schema.json",
                "database": "master"
            },
            "Json schema for layouts in Core database": {
                "file": "sitecore.project/schemas/core.layout.schema.json",
                "database": "core"
            },
            "Xml schema for layouts in Master database": {
                "file": "sitecore.project/schemas/master.layout.xsd",
                "database": "master",
                "namespace": "http://www.sitecore.net/pathfinder/layouts/master"
            },
            "Xml schema for layouts in Core database": {
                "file": "sitecore.project/schemas/core.layout.xsd",
                "database": "core",
                "namespace": "http://www.sitecore.net/pathfinder/layouts/core"
            },
            "Xml schema for content in Master database": {
                "file": "sitecore.project/schemas/master.content.xsd",
                "database": "master",
                "namespace": "http://www.sitecore.net/pathfinder/content/master"
            },
            "Xml schema for content in Core database": {
                "file": "sitecore.project/schemas/core.content.xsd",
                "database": "core",
                "namespace": "http://www.sitecore.net/pathfinder/content/core"
            },
            "External references for Speak": {
                "file": "sitecore.project/external/speak.core.content.xml",
                "database": "core",
                "path": "/sitecore/client/Speak",
                "fields": "place holders, parameters template, __base template"
            },
            "External references for Business Component Library": {
                "file": "sitecore.project/external/bcl.core.content.xml",
                "database": "core",
                "path": "/sitecore/client/Business Component Library",
                "fields": "place holders, parameters template, __base template"
            },
            "External references for Launchpad": {
                "file": "sitecore.project/external/launchpad.core.content.xml",
                "database": "core",
                "path": "/sitecore/client/Applications/Launchpad"
            }
        }
    }
}
