{
    "project-website-mappings": {
        "project-to-website": {
            "todomvc": {
                "database" : "core",
                "project-directory-to-item-path": "/content/core/sitecore/client/Applications/TodoMvc => /sitecore/client/Applications/TodoMvc",
                "project-directory-to-website-directory": "/content/core/sitecore/client/Applications/TodoMvc => /sitecore/shell/client/Applications/TodoMvc"
            }
        },

        "website-to-project": {
            "todomvc": {
                "database": "core",
                "item-path-to-project-directory": "/sitecore/client/Applications/TodoMvc => /content/core/sitecore/client/Applications/TodoMvc",
                "website-directory-to-project-directory": "/sitecore/shell/client/Applications/TodoMvc => /content/core/sitecore/client/Applications/TodoMvc"
            }
        }
    }
}
