{
    // every project must have a unique id, since the project-unique-id is used to
    // calculate item ids.
    "project-unique-id": "{project-unique-id}",

    "website-directory": "c:\\inetpub\\wwwroot\\Sitecore.Default\\Website",
    "data-folder-directory": "c:\\inetpub\\wwwroot\\Sitecore.Default\\Data",
    "host-name": "http://sitecore.default",

    // user name and password
    "user-name": "sitecore\\admin",
    "password": "b",

    // Sitecore database name (master, core, or web)
    "database": "core",

    // TASKS

    "build-project": {
        // build tasks
        "tasks": "check-project write-exports pack-nuget copy-dependencies copy-package install-package publish-database show-metrics",

        // mapping of files between local path and server path and item path
        "files": {
            "client": {
                "project-directory": "/content/core/sitecore/client/Applications/TodoMvc",
                "include": "**",
                "item-path": "/sitecore/client/Applications/TodoMvc",
                "website-directory": "/sitecore/shell/client/Applications/TodoMvc",
                "database": "core"
            },

            "master": {
                "project-directory": "/content/master/sitecore",
                "include": "**",
                "website-directory": "/",
                "item-path": "/sitecore",
                "database": "master"
            },
            "core": {
                "project-directory": "/content/core/sitecore",
                "include": "**",
                "website-directory": "/",
                "item-path": "/sitecore",
                "database": "core"
            },
            "views": {
                "project-directory": "/views",
                "include": "**",
                "website-directory": "/Views",
                "item-path": "/sitecore/layout/renderings"
            },
            "wwwroot": {
                "project-directory": "/wwwroot",
                "include": "**",
                "website-directory": "/",
                "item-path": "/",
                "upload-media": false
            }
        }
    },
    
   "reset-website": {
        "core": {
            "1": { "query" : "/sitecore/client/Applications/TodoMvc" }
        },
        "website": {
            "1": { "path" : "/sitecore/shell/client/Applications/TodoMvc" }
        }
    }
}
