{
    "project-role": "speak",

    "project-website-mappings": {
        "project-to-website": {
            "todomvc": {
                "database" : "core",
                "project-directory-to-item-path": "/items/core/sitecore/client/Applications/TodoMvc => /sitecore/client/Applications/TodoMvc",
                "project-directory-to-website-directory": "/items/core/sitecore/client/Applications/TodoMvc => /sitecore/shell/client/Applications/TodoMvc"
            }
        },

        "website-to-project": {
            "todomvc": {
                "database": "core",
                "item-path-to-project-directory": "/sitecore/client/Applications/TodoMvc => /items/core/sitecore/client/Applications/TodoMvc",
                "website-directory-to-project-directory": "/sitecore/shell/client/Applications/TodoMvc => /items/core/sitecore/client/Applications/TodoMvc"
            }
        }
    },
    
    "dependencies": {
        "Sitecore.BusinessComponentLibrary": "1.0.0",
        "Sitecore.Core": "1.0.0",
        "Sitecore.Launchpad": "1.0.0",
        "Sitecore.Master": "1.0.0",
        "Sitecore.Speak": "1.0.0"
    },  

    "show-website": {
        "start-url": "/sitecore/client/Applications/TodoMvc/content/TodoMvc"
    }
}
