{
    "build-project": {
        "files": {
            "todomvc": {
                "project-directory": "/content/core/sitecore/client/Applications/TodoMvc",
                "include": "**",
                "item-path": "/sitecore/client/Applications/TodoMvc",
                "website-directory": "/sitecore/shell/client/Applications/TodoMvc",
                "database": "core"
            }
        }
    },
    
    "import-website": {
        "todomvc-0": {
            "database": "core",
            "map-item-path-to-file-path": "/ => /content/core",
            "query": "/sitecore/client/Applications/TodoMvc | /sitecore/client/Applications/TodoMvc//*",
            "use-directories": true,
            "format": "item.xml"
        },
        "todomvc-1": {
            "map-website-directory-to-project-directory": "/sitecore/shell/client/Applications/TodoMvc => /content/core/sitecore/client/Applications/TodoMvc"
        }
    },
    
   "reset-website": {
        "core": {
            "todomvc-0": { "query" : "/sitecore/client/Applications/TodoMvc" }
        },
        "website": {
            "todomvc-1": { "path" : "/sitecore/shell/client/Applications/TodoMvc" }
        }
    }
}
