{
    "$schema": "../../../../sitecore.project/schemas/item.schema.json#",
    "Template": {
        "BaseTemplates": "/sitecore/client/Speak/Templates/Rendering Parameters/ControlBase",
        "Icon": "Applications/16x16/about.png",
        "Sections": [
            {
                "Name": "Fields",
                "Fields": [
                    {
                        "Name": "Items",
                        "Source": "bindmode=read"
                    },
                    {
                        "Name": "Filter"
                    }
                ]
            }
        ]
    }
}
