{
    "$schema": "../../../../sitecore.project/schemas/item.schema.json#",
    "Template": {
        "BaseTemplates": "/sitecore/client/Speak/Templates/Rendering Parameters/ControlBase",
        "ShortHelp": "TodoMvcList Parameters.",
        "LongHelp": "TodoMvcList Parameters.",
        "Icon": "Applications/16x16/about.png",
        "Sections": [
            {
                "Name": "Fields",
                "Fields": [
                    {
                        "Name": "Items",
                        "Source": "bindmode=read",
                        "ShortHelp": "The items to show.",
                        "LongHelp": "The items to show."
                    },
                    {
                        "Name": "Filter",
                        "ShortHelp": "Current filter.",
                        "LongHelp": "Filter to show all, active or completed items."
                    }
                ]
            }
        ]
    }
}
