{
    "$schema": "../../sitecore.project/schemas/item.schema.json#",
    "Template": {
        "Name": "TodoItem",
        "Icon": "Applications/16x16/about.png",
        "Sections": [
            {
                "Name": "Fields",
                "Fields": [
                    {
                        "Name": "Text",
                        "Type": "Multi-Line Text"
                    },
                    {
                        "Name": "Done",
                        "Type": "Checkbox"
                    }
                ]
            }
        ]
    }
}
