<Folder Id="{83C57F8B-C9C1-43A6-8E1B-7A3604211076}" Name="Speak" Database="core" ParentItemPath="/sitecore/client" IsExternalReference="True">
  <Layout.Folder Id="{D7A205E6-88C6-45F3-8986-D9D3A4BFF2CA}" Name="Layouts" IsExternalReference="True">
    <Layout.Folder Id="{B45BDC7C-480B-4221-A8D6-D372D09AAF23}" Name="Layouts" IsExternalReference="True">
      <Layout Id="{759BEFD1-3323-404D-A243-E0ED81163C03}" Name="Speak-EmptyLayout" IsExternalReference="True" Place.Holders="Page.Body" />
      <Layout Id="{4F72A793-BDBC-4262-9523-6AADD8FEA487}" Name="Speak-Layout" IsExternalReference="True" Place.Holders="Page.Stylesheets, Page.Scripts, Page.Code, Page.Body">
        <Page-Stylesheet-File Id="{6C774791-C3E7-42A0-AC86-E6DEBCED17F6}" Name="speak-default-theme" IsExternalReference="True" />
      </Layout>
    </Layout.Folder>
    <Speak-RenderingFolder Id="{53F1488C-421B-4240-95AD-C8A591547C74}" Name="Renderings" IsExternalReference="True">
      <Folder Id="{1F2A25A4-A532-4E9B-9942-1FA6F10F61B0}" Name="Common" IsExternalReference="True">
        <View.Rendering Id="{D569AC90-6D70-4714-B31A-1F959BF4BD08}" Name="ChildRenderer" IsExternalReference="True" Parameters.Template="{EF3C8172-A5D3-49B9-A88E-BF5F2A129BE6}">
          <Template Id="{EF3C8172-A5D3-49B9-A88E-BF5F2A129BE6}" Name="ChildRenderer Parameters" BaseTemplates="{182B5F9C-B563-4826-BE6B-89799DCE186B}" IsExternalReference="True">
            <Section Id="{5391FB91-8CE4-4872-86FF-76F34835D476}" Name="Appearance">
              <Field Id="{125F4922-72DA-4E6F-9D31-21330D8252D8}" Name="Before" />
              <Field Id="{EC9359E2-907E-4FFD-B380-8F3EE13FCA7C}" Name="After" />
            </Section>
          </Template>
        </View.Rendering>
        <View.Rendering Id="{8B4238F3-D5CD-464D-8DE6-4A69E05CD55B}" Name="ItemRenderer" IsExternalReference="True" Parameters.Template="{182B5F9C-B563-4826-BE6B-89799DCE186B}">
          <Template Id="{182B5F9C-B563-4826-BE6B-89799DCE186B}" Name="ItemRenderer Parameters" IsExternalReference="True">
            <Section Id="{81950B9E-3EAA-46E9-89E9-76C516A39EBE}" Name="Behavior">
              <Field Id="{75AE5B74-BCCC-4084-8A3F-EF8A8E88BC13}" Name="UsePlaceholders" />
            </Section>
          </Template>
        </View.Rendering>
        <View.Rendering Id="{DAFAFFB8-74AF-4141-A96A-70B16834CEC6}" Name="PageCode" IsExternalReference="True" Parameters.Template="{E6C51495-D83A-4E0A-BB8C-A05A7D6085C7}">
          <Template Id="{E6C51495-D83A-4E0A-BB8C-A05A7D6085C7}" Name="PageCode Parameters" IsExternalReference="True">
            <Section Id="{591241F5-FEB1-4F92-B18A-5C6D77A8F46B}" Name="Data">
              <Field Id="{E1018C26-698B-4773-AE2B-52A229C0C492}" Name="PageCodeScriptFileName" />
              <Field Id="{AE2F5F07-5A16-4014-8D6C-D16264BF0219}" Name="PageCodeTypeName" />
              <Field Id="{5C3DA71F-CEF3-47B6-A691-F570067EB076}" Name="SpeakCoreVersion" />
              <Field Id="{7C9E3A05-016E-4EA0-9D58-855EA6033F77}" Name="AssetsLoadingType" />
            </Section>
          </Template>
          <Folder Id="{44D63E9B-A932-481D-A600-7C0117C0C9B9}" Name="SpeakCoreVersion" IsExternalReference="True">
            <Template Id="{C1B05B3A-689F-474A-918B-5FD50F12849C}" Name="Speak Core 1-1" IsExternalReference="True" />
            <Template Id="{3F937240-C16E-4229-9641-4CE5B4CB4ABA}" Name="Speak Core 1-3" IsExternalReference="True" />
          </Folder>
          <Folder Id="{302F7C67-012F-427C-8794-A8DE25F23365}" Name="AssetsLoadingType" IsExternalReference="True">
            <Template Id="{6C0818B0-587E-4027-9DDB-96C5D66F9C1A}" Name="Development Mode" IsExternalReference="True" />
            <Template Id="{3A0CC262-E84F-4F0F-98E9-BCA5F6BEE829}" Name="Minified Mode" IsExternalReference="True" />
            <Template Id="{84F1BE3E-02A3-42F8-AEB2-E73768790E45}" Name="CDN Mode" IsExternalReference="True" />
            <Template Id="{5A598A7A-CBE9-470F-AD2B-4FD7E0561307}" Name="Bundled Mode" IsExternalReference="True" />
          </Folder>
        </View.Rendering>
        <View.Rendering Id="{4B77BB29-C937-4620-A6CC-A14B1A38DE8A}" Name="RenderView" IsExternalReference="True" Parameters.Template="{9B1FB9D0-AFCA-4B79-AE82-3008F7517798}">
          <Template Id="{9B1FB9D0-AFCA-4B79-AE82-3008F7517798}" Name="RenderView Parameters" BaseTemplates="{6A9A5956-5354-48B4-A25A-DABABA738424}" IsExternalReference="True">
            <Section Id="{763EF3DD-DBC0-4FCF-93CC-867373597FC0}" Name="Appearance">
              <Field Id="{6EC1DD65-4E87-4554-BBD2-B2B03C0E9F79}" Name="Path" />
            </Section>
          </Template>
        </View.Rendering>
        <View.Rendering Id="{CB83D434-31ED-4AC3-A280-CCE2B63F9743}" Name="SubPageCode" IsExternalReference="True" Parameters.Template="{A94036BB-0D61-4657-85B4-C2311F4BD64F}">
          <Template Id="{A94036BB-0D61-4657-85B4-C2311F4BD64F}" Name="SubPageCode Parameters" IsExternalReference="True">
            <Section Id="{9363B269-1136-4602-9BB5-4507EBD7A3C8}" Name="Data">
              <Field Id="{CE23DEF5-312A-4438-932A-BE2424B6D845}" Name="PageCodeScriptFileName" />
              <Field Id="{12D2F239-228C-4449-BC8F-5DD1C517F4D1}" Name="PageCodeTypeName" />
            </Section>
          </Template>
        </View.Rendering>
      </Folder>
      <Folder Id="{EC97191C-904A-4CCE-A22C-B9FBCBD7BF15}" Name="Data" IsExternalReference="True">
        <View.Rendering Id="{33A02142-2DBD-4034-AEA2-BDF215EB2451}" Name="QueryDataSource" IsExternalReference="True" Parameters.Template="{7FFC8FBA-FA5E-41B3-9ACE-B0B1F9FAA56B}">
          <Template Id="{7FFC8FBA-FA5E-41B3-9ACE-B0B1F9FAA56B}" Name="QueryDataSource Parameters" BaseTemplates="{52A5A8DD-CE8F-462B-83FE-B225EFA52C6A}" IsExternalReference="True">
            <Section Id="{6B90EE47-C3F3-49CF-AD4B-97F420D14355}" Name="Appearance">
              <Field Id="{EED1B3AA-DC3F-496C-BFD2-B6DAFCE11694}" Name="Formatting" />
            </Section>
            <Section Id="{5E39DEB8-8E7E-44E7-BFC3-6ED7560A337D}" Name="Data">
              <Field Id="{7B909162-BBC2-42D2-9466-476E408D2C09}" Name="Query" />
              <Field Id="{6216AA1F-C0EC-4EE9-8145-5C7842CD985B}" Name="Items" />
            </Section>
            <Section Id="{E878DBEA-AD5C-4BD3-A3CD-FE4F2375E648}" Name="State">
              <Field Id="{C13966AE-D318-4B37-84C1-67E09A0FE313}" Name="HasItems" />
              <Field Id="{C0E40D79-45EE-4BB0-B49C-DA9B46BA0E4F}" Name="HasMoreItems" />
              <Field Id="{E7467DA4-3028-4495-81F0-9B5BE1177FE7}" Name="HasNoItems" />
              <Field Id="{5909076F-1716-4025-8DA4-6D5DBBFA6FE4}" Name="IsBusy" />
            </Section>
          </Template>
        </View.Rendering>
        <View.Rendering Id="{D47D6BFD-4F1F-4715-9FD1-5957EC0259F5}" Name="SearchDataSource" IsExternalReference="True" Parameters.Template="{54BB351C-067B-45BD-A0BC-8E29498F1CCF}">
          <Template Id="{8786A4C8-9089-4B3D-BDCA-ECA709D4DAEA}" Name="Facet" IsExternalReference="True">
            <Section Id="{6229B149-BD88-41C1-9913-9061F6715C70}" Name="Data">
              <Field Id="{57DBB7C0-9801-46EE-BFD9-B0035632FC44}" Name="FieldName" />
              <Field Id="{763B8725-C029-483F-A4D9-750AE2349CD4}" Name="FacetProviderType" />
            </Section>
          </Template>
          <Folder Id="{953683AC-C887-4A98-B5AB-B9DEC7D9BA56}" Name="Formatting" IsExternalReference="True">
            <Folder Id="{791C3F7B-3318-418E-B601-D69AA7420100}" Name="AddFormattedValue" IsExternalReference="True" />
            <Folder Id="{FD6F7E47-9F08-4945-865D-BCF62A8E40C9}" Name="ReplaceValue" IsExternalReference="True" />
          </Folder>
          <Template Id="{B95680D6-7B34-408E-B5DB-212FEA7B8BB7}" Name="Search" IsExternalReference="True">
            <Section Id="{4B6C3254-B517-42D7-8F8B-CBFC62FC4C44}" Name="Data">
              <Field Id="{6D4CCDEE-0E09-4B59-B643-F379BAFD4C5A}" Name="EnableFacets" />
            </Section>
          </Template>
          <Template Id="{54BB351C-067B-45BD-A0BC-8E29498F1CCF}" Name="SearchDataSource Parameters" BaseTemplates="{52A5A8DD-CE8F-462B-83FE-B225EFA52C6A}" IsExternalReference="True">
            <Section Id="{C89403DA-CA8C-4CD2-9E3B-2EFDB4D47411}" Name="Appearance">
              <Field Id="{FE79A976-CBDC-4AAC-84E0-697146089882}" Name="Formatting" />
              <Field Id="{5CA5BF63-F362-4764-BE9A-95ECB3E47685}" Name="Sorting" />
            </Section>
            <Section Id="{762D9E00-9A06-4A9F-956B-BEC7D75838D9}" Name="Data">
              <Field Id="{0B9A7A30-4511-417F-A007-84DF96A09D21}" Name="Text" />
              <Field Id="{23F44B06-2339-4E81-A57F-6B222E131D89}" Name="FacetsRootItemId" />
              <Field Id="{D473F5C6-895B-4A6F-A80F-28EFA8AF84F2}" Name="Facets" />
              <Field Id="{FDD4A2D8-0417-41B5-B108-1E17E71502A6}" Name="SearchConfigItemId" />
              <Field Id="{71F3D94F-B3D9-4A4F-9029-52747D9ED83C}" Name="Items" />
              <Field Id="{75F91E7F-48F3-485C-B1C7-0CF0B3036747}" Name="RootItemId" />
              <Field Id="{4D51F81E-D12B-4096-BD08-197E3D0B371E}" Name="SelectedFacets" />
              <Field Id="{F70F52F7-D96F-4525-93B8-21DF1483E167}" Name="ShowHiddenItems" />
            </Section>
            <Section Id="{55537597-7116-44E0-B793-3DD4A36ACE93}" Name="State">
              <Field Id="{159E0EB9-7E5F-4A1A-B5AA-BAF4A3E0CE68}" Name="IsBusy" />
              <Field Id="{3A3FB3D5-5855-49A5-B9AD-78C5492EDB70}" Name="HasItems" />
              <Field Id="{A998A88B-4139-4C09-8F26-D0125D137070}" Name="HasNoItems" />
              <Field Id="{10669B91-149A-45ED-A209-207B3EE9D966}" Name="HasMoreItems" />
            </Section>
          </Template>
        </View.Rendering>
        <View.Rendering Id="{73A06518-3FE7-410D-8876-33CA70DAD0B6}" Name="WebServiceDataSource" IsExternalReference="True" Parameters.Template="{C606B3D6-267F-4C43-8902-9213BE74217D}">
          <Template Id="{C606B3D6-267F-4C43-8902-9213BE74217D}" Name="WebServiceDataSource Parameters" BaseTemplates="{6A9A5956-5354-48B4-A25A-DABABA738424}" IsExternalReference="True">
            <Section Id="{E3B173DC-4862-48CD-B7A3-3C4D859227B8}" Name="Data">
              <Field Id="{A8C78D59-93BC-470F-A4E1-5702906DDD49}" Name="Url" />
              <Field Id="{520EB8C1-FA23-43FD-8A09-8F45104711BD}" Name="MethodName" />
              <Field Id="{4951E2A9-BEE6-4717-A668-360AF5A53273}" Name="Parameters" />
              <Field Id="{A4791432-367B-44AA-9073-1F9E44FEB68D}" Name="Namespace" />
            </Section>
            <Section Id="{7F8780EA-C78A-499B-AF31-58BC124ACEE6}" Name="Behavior">
              <Field Id="{7E53CDEA-7470-404E-8515-7467ABFACBDD}" Name="HasResponse" />
            </Section>
            <Section Id="{20AEC818-D747-4644-9D42-1125AC311159}" Name="State">
              <Field Id="{46346B55-FC67-4152-8EB7-68B6C0F9EC37}" Name="IsBusy" />
            </Section>
          </Template>
        </View.Rendering>
        <View.Rendering Id="{5E3B31F7-FE96-40FB-BE38-94418E4B789A}" Name="ChartDataProvider" IsExternalReference="True" Parameters.Template="{A94EE467-4B90-4652-BB90-7E77AB85D0D3}">
          <Template Id="{A94EE467-4B90-4652-BB90-7E77AB85D0D3}" Name="ChartDataProvider Parameters" BaseTemplates="{1930BBEB-7805-471A-A3BE-4858AC7CF696}|{6A9A5956-5354-48B4-A25A-DABABA738424}|{ECF833D8-481C-4A33-93FA-6EC9BC8C9CD5}" IsExternalReference="True">
            <Section Id="{7C03E9EC-0F36-4676-B6A1-7F1F8037B989}" Name="Filters">
              <Field Id="{C46AAFEE-A227-4E1C-AE84-0A8369898F2E}" Name="DateFrom" />
              <Field Id="{E7686859-718A-44CC-9317-AC733854DBCD}" Name="DateTo" />
              <Field Id="{CBAD3801-5CA7-433B-B185-456B8886D752}" Name="Resolution" />
              <Field Id="{9414CE70-1DB5-4CCB-85EF-DBC510E25D7B}" Name="ResolutionRange" />
            </Section>
          </Template>
        </View.Rendering>
        <View.Rendering Id="{A91523CD-6E56-4F08-8B21-C39018E0134A}" Name="GenericDataProvider" IsExternalReference="True" Parameters.Template="{337B6A98-7544-463D-B64F-049446B8016C}">
          <Template Id="{337B6A98-7544-463D-B64F-049446B8016C}" Name="GenericDataProvider Parameters" BaseTemplates="{1930BBEB-7805-471A-A3BE-4858AC7CF696}|{6A9A5956-5354-48B4-A25A-DABABA738424}|{ECF833D8-481C-4A33-93FA-6EC9BC8C9CD5}" IsExternalReference="True">
            <Section Id="{48FDADD4-6E34-496E-9948-FF01DE3CFB8B}" Name="Data">
              <Field Id="{FE0AA986-6F4E-456C-98FC-68B5F6F37741}" Name="ServerSorting" />
              <Field Id="{367B51F6-9597-45BF-830C-00FA1BFB1D4A}" Name="Paging" />
            </Section>
            <Section Id="{0E32139F-A66D-4C3C-8EDA-1D2C80F3C5A6}" Name="State">
              <Field Id="{6974E452-6729-4EB2-92B6-3DB91FAB2E2F}" Name="TotalRecordCount" />
              <Field Id="{1A55C7BE-BA88-41D5-B9D8-AE9A57D27A86}" Name="HasMoreData" />
            </Section>
            <Section Id="{44DC4360-C8A1-4863-B12E-7BA3A252A537}" Name="Behavior">
              <Field Id="{ADAC5748-00AD-432D-AD41-BF37138E7F75}" Name="PageSize" />
              <Field Id="{8C3A8EDD-2D8C-4B3C-8780-3CF35F2BF40D}" Name="PageNumber" />
              <Field Id="{51B820AA-8897-4EE1-BD37-C1348DCFA2AA}" Name="ListSorting" />
            </Section>
          </Template>
        </View.Rendering>
      </Folder>
      <Folder Id="{1C7738D7-7514-44A3-9770-2153ACB4426C}" Name="Resources" IsExternalReference="True">
        <View.Rendering Id="{21E86498-6C8E-4F3B-83F2-B49E5E0ABE16}" Name="Pipeline" IsExternalReference="True" Parameters.Template="{619C35E5-F9F2-467D-A3FC-13A6F13C0B61}">
          <Template Id="{FF017587-89BD-4578-B3E4-0FE4944C903F}" Name="Pipeline" IsExternalReference="True">
            <Section Id="{2F414EE0-42D5-4F71-A792-7BB70D29C031}" Name="Pipeline">
              <Field Id="{F0F36FDD-D818-4A1B-8273-7B1D1E7EE053}" Name="PipelineName" />
            </Section>
          </Template>
          <Folder Id="{C698EA35-AE2A-46D8-BFCB-2F496E23E004}" Name="PipelineLoadMode" IsExternalReference="True">
            <Folder Id="{46270AB1-8D0A-4C7D-957D-229290D5A291}" Name="Immediately" IsExternalReference="True" />
            <Folder Id="{2A362F83-C803-46DB-8349-1E2C692ED439}" Name="Inline" IsExternalReference="True" />
            <Folder Id="{C3D79D14-17AE-4729-8A7B-242AA9B4FAF4}" Name="WhenRun" IsExternalReference="True" />
          </Folder>
          <Template Id="{619C35E5-F9F2-467D-A3FC-13A6F13C0B61}" Name="Pipeline-Parameters" BaseTemplates="{BB940A88-C18F-4F87-88D1-227F0A8CA8B0}" IsExternalReference="True">
            <Section Id="{8734FC7E-8BE5-45D8-AEE7-0ADF0BBD6665}" Name="Pipeline">
              <Field Id="{629FDE90-EB08-49A5-83F2-71D33BC1B753}" Name="PipelineItemId" />
              <Field Id="{0C25787E-E27F-4756-AEB6-5172931C7C48}" Name="PipelineArgs" />
              <Field Id="{BB6F887E-0ED5-49AA-A030-6BC8DA6D8A59}" Name="Trigger" />
              <Field Id="{F1573CF8-ED93-46A1-A9D6-F2229B8839A9}" Name="TargetControl" />
              <Field Id="{119BCD92-A284-42C8-85CF-3595EF0D36B7}" Name="LoadMode" />
              <Field Id="{4C8160A2-2B8A-42A3-9293-A8AF1A7D047D}" Name="UseBundle" />
            </Section>
          </Template>
          <Template Id="{8861A098-F3CD-4FD3-9557-0BC6C33D738E}" Name="PipelineProcessor" IsExternalReference="True">
            <Section Id="{BA9F6DE6-EE9F-4628-B033-AD1ABEF7A528}" Name="Processor">
              <Field Id="{20D0BB88-0649-4714-A6DD-585DD4CA5B4E}" Name="ProcessorFile" />
              <Field Id="{9E91BAA8-5CAC-48E0-8AB2-04219118BF08}" Name="ProcessorName" />
            </Section>
          </Template>
        </View.Rendering>
        <View.Rendering Id="{1169C5EF-E49C-4B59-848D-9C9204E40D12}" Name="Rule" IsExternalReference="True" Parameters.Template="{C9C47C41-09E3-4BE9-98E0-D5A179406C59}">
          <Template Id="{C9C47C41-09E3-4BE9-98E0-D5A179406C59}" Name="Rule Parameters" BaseTemplates="{BB940A88-C18F-4F87-88D1-227F0A8CA8B0}" IsExternalReference="True">
            <Section Id="{C560A103-DB8B-416A-BAB7-CCC316059AC8}" Name="Data">
              <Field Id="{A9610697-3222-439A-AEFE-02DE964099F7}" Name="Trigger" />
              <Field Id="{B1A2CEF9-0D73-470C-AA7E-60DD4E65536A}" Name="RuleItemId" />
              <Field Id="{39EA6CBF-7AF5-4483-A592-0FC0E6D2D09A}" Name="Field" />
              <Field Id="{04580D30-DD3D-4A42-88FC-65179EAE031C}" Name="TargetControl" />
              <Field Id="{3A00975E-24B7-42FC-AC78-1C0750A905EF}" Name="LoadMode" />
              <Field Id="{0DC33E87-5373-408B-A5D7-6EE21D54DD87}" Name="UseBundle" />
            </Section>
          </Template>
          <Template Id="{1F99AE6E-22B8-419E-81DB-A983E619325E}" Name="RuleDefinition" IsExternalReference="True">
            <Section Id="{8BFED1E4-93ED-48AA-9FFE-1A7DB3EDFF8A}" Name="Data">
              <Field Id="{1CB967B6-8720-4F39-9779-147C3CBCFC78}" Name="Trigger" />
              <Field Id="{431A0113-9D08-4DAE-8C5B-AC8301512BD8}" Name="Rule" />
            </Section>
          </Template>
          <Folder Id="{F6ABC1E8-7562-4B62-AAAB-E0018E184768}" Name="Rules" IsExternalReference="True">
            <Folder Id="{D4CABAEF-F4EA-4167-A633-82F45E230860}" Name="Actions" IsExternalReference="True">
              <Action Id="{1E6265BB-390C-4122-869B-F4182B1D360F}" Name="Alert" IsExternalReference="True" />
              <Action Id="{5C48DD1A-CA07-4AAF-86BF-84F0885BAE41}" Name="CloseDialogWithoutReturnValue" IsExternalReference="True" />
              <Action Id="{5B73C205-E933-4627-AB4E-FEA657F38D3B}" Name="ComposeEmailWithoutSubject" IsExternalReference="True" />
              <Action Id="{A81A766A-74B0-4F64-A933-7828C88C227B}" Name="ComposeEmailWithSubject" IsExternalReference="True" />
              <Action Id="{2A4D7853-9A50-4E8C-A65A-E5414119905E}" Name="CopyComponentProperty" IsExternalReference="True" />
              <Action Id="{0EF20026-BA15-486C-B88E-5540002FAB10}" Name="CopyNestedPropertiesFromTreeSelectedItem" IsExternalReference="True" />
              <Action Id="{F856B0AD-6E5E-4FE7-B847-242CA387C0FF}" Name="CopyNestedPropertyFromSelectedItem" IsExternalReference="True" />
              <Action Id="{6ACA7A22-D5CF-4759-9E18-F96E2AE85094}" Name="MakeHyperLink" IsExternalReference="True" />
              <Action Id="{6FD29496-01B7-4784-9E87-D3775A0974CD}" Name="MakeInternalLink" IsExternalReference="True" />
              <Action Id="{D4BA15D6-263A-43E6-93DD-CE9E41C7D8E4}" Name="MakeInternalLinkFromTreeView" IsExternalReference="True" />
              <Action Id="{C3228124-62E4-46C6-BCF9-E45FD1B60641}" Name="RemoveError" IsExternalReference="True" />
              <Action Id="{8D6614EE-319C-44ED-918C-38FE671AA026}" Name="SetApplicationAttribute" IsExternalReference="True" />
              <Action Id="{F51FD432-BB4E-46E2-9A43-20F27C0BC24F}" Name="SetComponentEnabled" IsExternalReference="True" />
              <Action Id="{3DA33BB4-9E03-48CD-AC5C-E48B825DD4B6}" Name="SetComponentPropertyToValue" IsExternalReference="True" />
              <Action Id="{8FECB2A4-92AF-4D66-9595-92769B175ECF}" Name="SetComponentVisibility" IsExternalReference="True" />
              <Action Id="{1C2C694E-D4F2-4262-B43C-B34097DE81BF}" Name="SetDialogReturnValueAndCloseDialog" IsExternalReference="True" />
              <Action Id="{5A044F7D-3DBB-4FB2-8665-E3F47C4C390C}" Name="SetElementVisibility" IsExternalReference="True" />
              <Action Id="{70F1C6D5-31BF-4D26-987A-A11505DFBFF3}" Name="ShowError" IsExternalReference="True" />
              <Action Id="{47173F0F-511E-4BA3-BA79-AEB5267C9E35}" Name="TriggerComponentEvent" IsExternalReference="True" />
              <Action Id="{7E40BFF3-D9F7-4A90-B0BD-6C109CAFAA5D}" Name="TriggerComponentJQueryEvent" IsExternalReference="True" />
            </Folder>
            <Folder Id="{891B075C-0891-4A79-8073-703F249D9F86}" Name="Conditions" IsExternalReference="True">
              <Condition Id="{63666509-24CA-4C9C-91BD-C756F07C3783}" Name="ComponentHasPropertyValue" IsExternalReference="True" />
              <Condition Id="{7DD424EF-4A83-44E7-B46D-6E86A3D88F69}" Name="DataSourceHasFacets" IsExternalReference="True" />
              <Condition Id="{9BEC7292-1485-4D41-9201-C5040AC5CC4C}" Name="DataSourceHasItems" IsExternalReference="True" />
              <Condition Id="{E956001C-6ACD-4CE0-B7CC-F2B6EE7DDA94}" Name="ListControlHasSelectedItemId" IsExternalReference="True" />
              <Condition Id="{7872D3DB-E663-4C3C-ADBB-8C5402169746}" Name="PropertyValue" IsExternalReference="True" />
              <Condition Id="{DC7F75A8-F299-4697-9166-D6D74DE4F2C3}" Name="TextBoxHasText" IsExternalReference="True" />
              <Condition Id="{B5CF2ABD-0811-4220-9805-8F6E62F4F4AC}" Name="True" IsExternalReference="True" />
              <Condition Id="{CDCD71F2-BEBB-4D3B-B0D1-9E4C37CD798F}" Name="WindowHeight" IsExternalReference="True" />
              <Condition Id="{0B3B6E32-E4E5-40F6-A991-1E46C56C8ED0}" Name="WindowWidth" IsExternalReference="True" />
            </Folder>
            <Folder Id="{6E76FB6B-DD18-41BE-B812-AF47E3715EB3}" Name="String Operators" IsExternalReference="True">
              <Folder Id="{10537C58-1684-4CAB-B4C0-40C10907CE31}" Name="is equal to" IsExternalReference="True" />
              <Folder Id="{537244C2-3A3F-4B81-A6ED-02AF494C0563}" Name="is case-insensitively equal to" IsExternalReference="True" />
              <Folder Id="{A6AC5A6B-F409-48B0-ACE7-C3E8C5EC6406}" Name="is not equal to" IsExternalReference="True" />
              <Folder Id="{6A7294DF-ECAE-4D5F-A8D2-C69CB1161C09}" Name="is not case-insensitively equal to" IsExternalReference="True" />
              <Folder Id="{2E67477C-440C-4BCA-A358-3D29AED89F47}" Name="contains" IsExternalReference="True" />
              <Folder Id="{F8641C26-EE27-483C-9FEA-35529ECC8541}" Name="matches the regular expression" IsExternalReference="True" />
              <Folder Id="{22E1F05F-A17A-4D0C-B376-6F7661500F03}" Name="ends with" IsExternalReference="True" />
              <Folder Id="{FDD7C6B1-622A-4362-9CFF-DDE9866C68EA}" Name="starts with" IsExternalReference="True" />
            </Folder>
          </Folder>
        </View.Rendering>
        <View.Rendering Id="{8BE75D0B-EA4E-4FEE-976C-A5CCB5BE5011}" Name="SettingsDictionary" IsExternalReference="True" Parameters.Template="{F329F5A5-0691-4901-937A-EA420F188BFA}">
          <Template Id="{F329F5A5-0691-4901-937A-EA420F188BFA}" Name="SettingsDictionary Parameters" BaseTemplates="{BB940A88-C18F-4F87-88D1-227F0A8CA8B0}" IsExternalReference="True">
            <Section Id="{2250475A-110B-463B-99C3-EB821B8A2668}" Name="Dictionary">
              <Field Id="{7C0C70AD-C2C7-4673-BA70-4558CDB8A783}" Name="Settings" />
            </Section>
          </Template>
        </View.Rendering>
        <View.Rendering Id="{A82840D0-633E-4D1A-B7FE-8C0062AA22F1}" Name="StringDictionary" IsExternalReference="True" Parameters.Template="{27A16AA3-F74C-405A-B260-71981D1FCA5F}">
          <Template Id="{27A16AA3-F74C-405A-B260-71981D1FCA5F}" Name="StringDictionary Parameters" BaseTemplates="{BB940A88-C18F-4F87-88D1-227F0A8CA8B0}" IsExternalReference="True">
            <Section Id="{0AB41BF5-54F7-4FC5-90AA-3E8494218C87}" Name="Dictionary">
              <Field Id="{432869AE-8C21-4508-B7FB-9AF760C13726}" Name="Phrases" />
              <Field Id="{A5840A65-B6CD-41FD-B3BA-2F05F64DA824}" Name="Dictionary" />
            </Section>
          </Template>
        </View.Rendering>
      </Folder>
    </Speak-RenderingFolder>
  </Layout.Folder>
  <Template.Folder Id="{84EAF283-49CB-4EE7-A777-34D146670A37}" Name="Templates" IsExternalReference="True">
    <Template.Folder Id="{1688483C-86E5-48B1-A8B1-CBAC35FA14D5}" Name="Common" IsExternalReference="True">
      <Template Id="{D19EBB63-B85B-4F6D-835C-5202366B1430}" Name="Command" IsExternalReference="True">
        <Section Id="{8D1AC050-9737-45B5-AA09-71D9B828C3C6}" Name="Data">
          <Field Id="{EEEAD5FE-196A-4748-8526-CA47D8C5DA5D}" Name="Text" />
          <Field Id="{B8AB2432-8586-4350-B97C-CD1A1E7D1D48}" Name="Command Name" />
          <Field Id="{B266CEE6-C569-4384-9E8B-FCAD9ECA90E9}" Name="Control ID" />
          <Field Id="{3EC044E3-6204-4F54-98E1-F2D9A81A0BC3}" Name="Is Favorite" />
        </Section>
      </Template>
      <Template Id="{BAAD9D10-19E7-4878-A96F-E290B914BF5F}" Name="Speak-RenderingFolder" IsExternalReference="True">
        <Section Id="{B68C1F0E-6305-4542-A956-6BE89CA3F121}" Name="Data">
          <Field Id="{6DEBFA99-B44C-4321-AE86-B79735D047AB}" Name="SpeakCoreVersion" />
        </Section>
      </Template>
      <Template Id="{48E6131F-5633-45A3-B155-A42EB2AD928E}" Name="Stateful" IsExternalReference="True">
        <Section Id="{99A31CDE-1507-4029-B93B-A7F24CB552F2}" Name="State">
          <Field Id="{BAA2D292-4F8D-4040-9BAF-040503BEE153}" Name="IsStateDiscarded" />
        </Section>
      </Template>
    </Template.Folder>
    <Folder Id="{08CB8682-9445-477C-9803-2047D0593CC1}" Name="Data" IsExternalReference="True">
      <Template Id="{ECF833D8-481C-4A33-93FA-6EC9BC8C9CD5}" Name="BaseDataProvider" BaseTemplates="{1930BBEB-7805-471A-A3BE-4858AC7CF696}|{6A9A5956-5354-48B4-A25A-DABABA738424}" IsExternalReference="True">
        <Section Id="{C1BB29A7-F03D-4885-ADA0-D4EA9836A610}" Name="Data">
          <Field Id="{6F6C4B55-7D0F-458A-976E-EBA4DDC50AC8}" Name="DataURL" />
          <Field Id="{4AFE9C8B-522D-4ABA-87D2-C281405D331A}" Name="QueryParameters" />
          <Field Id="{57514DE4-941F-4F28-B9E9-D690E82F775C}" Name="Data" />
          <Field Id="{0703C792-3322-4CDD-8209-A72909434BD5}" Name="Messages" />
        </Section>
        <Section Id="{976D7124-D9A3-4242-B339-B37A05F49F6A}" Name="State">
          <Field Id="{DB9D56D9-1AE8-4D3A-A1E1-BA35F4FEEC53}" Name="HasData" />
          <Field Id="{DB5C1C3D-A990-4114-A468-86A37D0B70AF}" Name="HasNoData" />
          <Field Id="{0E20E7C8-149C-463C-B157-170182B18D3D}" Name="IsBusy" />
        </Section>
      </Template>
    </Folder>
    <Folder Id="{2D703A9A-4A15-419A-97C3-E3FFC49F7940}" Name="Dialogs" IsExternalReference="True">
      <Template Id="{AEC414E7-5B71-4A3C-9233-CAB275C65EC8}" Name="Dimensions" IsExternalReference="True">
        <Section Id="{05084271-291D-4A20-94EF-7E3337966527}" Name="Data">
          <Field Id="{876BF304-0AFD-4D10-A9DE-00D8B31AD762}" Name="Width" />
          <Field Id="{A369C9A9-F144-437B-AD31-DE4702F6924F}" Name="Height" />
        </Section>
      </Template>
    </Folder>
    <Template.Folder Id="{C7CE9A73-7B61-497B-BE85-8D53A21B4E31}" Name="Pages" IsExternalReference="True">
      <Template Id="{193C7F11-BEF6-47DD-946D-E673A92A9C13}" Name="Page-Script-File" IsExternalReference="True">
        <Section Id="{CDB7959E-502C-4FB0-BB34-5F9361F4692E}" Name="Data">
          <Field Id="{CE2F73F5-DA75-4835-B6AE-D134BCBC6831}" Name="File" />
          <Field Id="{12BD77C6-38C5-4047-9785-3FFBAE462B45}" Name="UseAMD" />
        </Section>
      </Template>
      <Template Id="{B1B19F4E-E65F-4495-A408-1E8811CF56AD}" Name="Page-Script-Folder" IsExternalReference="True">
        <Section Id="{A2190867-0A51-4241-B528-2B0162BB1416}" Name="Data">
          <Field Id="{0246D341-2B1F-436E-9810-6AA59190F5D1}" Name="Folder" />
        </Section>
      </Template>
      <Template Id="{E35EAA2D-EDEA-431C-A9E6-488272B53782}" Name="PageSettings" IsExternalReference="True" />
      <Template Id="{27C78269-CEF0-483F-9E7A-AF27ED04CE5D}" Name="Page-Stylesheet-File" IsExternalReference="True">
        <Section Id="{DEEC4209-414A-46DF-ADA7-83DBAE7CEF4C}" Name="Data">
          <Field Id="{834B2406-24A9-4376-9350-CBE6DA96C51A}" Name="Stylesheet" />
        </Section>
      </Template>
      <Template Id="{56B55137-0C0E-4DD2-BE87-175455F67B69}" Name="Page-Stylesheet-Folder" IsExternalReference="True">
        <Section Id="{D7EBB61A-2294-4940-9ED8-CB76B3EA26B6}" Name="Data">
          <Field Id="{26129056-48D7-4F0C-97B3-7887067AF16C}" Name="Folder" />
        </Section>
      </Template>
      <Template Id="{5F2C442F-2554-4C80-B1D9-2195FA6168B1}" Name="Speak-BasePage" IsExternalReference="True">
        <Section Id="{80380C18-C0A0-4F04-AF21-3C91ABFFD41F}" Name="Appearance">
          <Field Id="{7205A57F-93B4-413A-AA9A-6B16BBC59565}" Name="BrowserTitle" />
          <Field Id="{5E642935-A6FC-48E9-B039-FE1136CED488}" Name="Theme" />
          <Field Id="{F7B4EBC1-2335-4EB8-AFAE-3444923A38BE}" Name="Subthemes" />
          <Field Id="{3A67AD0F-9530-4B1B-9B70-9230C36AE8D6}" Name="UseFullWidth" />
        </Section>
      </Template>
    </Template.Folder>
    <Template.Folder Id="{D88509D4-FAE7-4498-997E-D9AB02F0DF59}" Name="Rendering Parameters" IsExternalReference="True">
      <Template Id="{150C757B-2FB0-4945-A9FC-A7543425F2F3}" Name="ButtonControlBase" BaseTemplates="{6A9A5956-5354-48B4-A25A-DABABA738424}" IsExternalReference="True">
        <Section Id="{6740E4FB-0431-4F90-B47E-E588D059A5F2}" Name="Appearance">
          <Field Id="{7C3A596D-C0C6-4831-86D9-D43327023A65}" Name="IsEnabled" />
        </Section>
        <Section Id="{6D1F9D54-B365-4B66-A5A3-85248C468F22}" Name="Events">
          <Field Id="{9F2E12C5-F236-441D-AE2F-1DF11A343D81}" Name="Click" />
        </Section>
      </Template>
      <Template Id="{BB940A88-C18F-4F87-88D1-227F0A8CA8B0}" Name="ComponentBase" IsExternalReference="True">
        <Section Id="{DF0B3523-0708-4D62-9A06-4EDA52F1938E}" Name="Design">
          <Field Id="{AC264D78-D730-4C59-8B10-2D8A67E76AE4}" Name="Id" />
        </Section>
        <Section Id="{DD895498-5103-4F92-849E-F65F2080BEEC}" Name="Appearance">
          <Field Id="{1CA5B2CF-CFDA-4753-9A47-CD5D1E9505E5}" Name="Behaviors" />
        </Section>
      </Template>
      <Template Id="{6A9A5956-5354-48B4-A25A-DABABA738424}" Name="ControlBase" BaseTemplates="{BB940A88-C18F-4F87-88D1-227F0A8CA8B0}" IsExternalReference="True">
        <Section Id="{6BAA13F4-62F3-4E9B-A214-5F1A80D1C727}" Name="Appearance">
          <Field Id="{E17D3534-A424-47E3-8F2C-3DBBA705565F}" Name="Tooltip" />
          <Field Id="{6D0C0AB0-BC40-4BD0-8ACB-16612A180F14}" Name="IsVisible" />
        </Section>
        <Section Id="{0F82C80F-219B-494A-BBDD-9FCB6C044093}" Name="Behavior">
          <Field Id="{6B587761-C7FB-43BD-BB6C-2B03D19B69A2}" Name="AccessKey" />
        </Section>
      </Template>
      <Template Id="{ED2A8100-A9CA-4BB9-B0CA-C5CDD10EE95A}" Name="InputControlBase" BaseTemplates="{6A9A5956-5354-48B4-A25A-DABABA738424}" IsExternalReference="True">
        <Section Id="{FE43B2A8-5884-4966-8E71-EA7C7B15B7F1}" Name="Appearance">
          <Field Id="{08C91ADE-048F-4D5D-A77C-28F2EF4A458F}" Name="IsEnabled" />
        </Section>
      </Template>
    </Template.Folder>
  </Template.Folder>
  <Folder Id="{55D14F62-918D-4888-9E8A-A5F1E227FA3E}" Name="System" IsExternalReference="True">
    <Folder Id="{56B7B6D7-92FE-4701-8DA7-255D77BE4B4C}" Name="Data" IsExternalReference="True">
      <Folder Id="{F57F84FA-284F-4763-8D1E-612627B9B189}" Name="ChartResolution" IsExternalReference="True">
        <Folder Id="{64206F8A-A135-446C-961C-30084FB1FE71}" Name="Day" IsExternalReference="True" />
        <Folder Id="{E2A561B4-F29E-4EAD-B900-34529DC516CD}" Name="Month" IsExternalReference="True" />
        <Folder Id="{BE3CDECF-5E27-4A9A-9343-6A1569B40BAA}" Name="Quarter" IsExternalReference="True" />
        <Folder Id="{DF1198E4-B98C-4D53-8EAC-DAD5CF809B18}" Name="Week" IsExternalReference="True" />
        <Folder Id="{37FADDE7-BDBA-4E56-8301-45658BCE0592}" Name="Year" IsExternalReference="True" />
      </Folder>
    </Folder>
  </Folder>
</Folder>