{
    "$schema": "../../sitecore.project/schemas/item.schema.json#",
    "Template": {
        "Name": "TodoItem",
        "ShortHelp": "Todo item.",
        "LongHelp": "Defines an item in the Todo list.",
        "Icon": "Applications/16x16/about.png",
        "Sections": [
            {
                "Name": "Fields",
                "Fields": [
                    {
                        "Name": "Text",
                        "Type": "Multi-Line Text",
                        "ShortHelp": "What to do.",
                        "LongHelp": "Describes what must be done."
                    },
                    {
                        "Name": "Done",
                        "Type": "Checkbox",
                        "ShortHelp": "Done.",
                        "LongHelp": "Indicates if the task is done."
                    }
                ]
            }
        ]
    }
}
